patient_filename,histology_correct,tumor_size_correct,pT_correct,pN_correct,evidence_text,notes
TCGA-55-7913.7ce361fa-ad56-4e0e-95e3-ea977a513e98,,,,,,
TCGA-05-4389.924f5877-07dc-48dc-b920-c59ba743498e,,,,,,
TCGA-97-8175.19c71bba-794d-4245-bbd8-536740912c9f,,,,,,
TCGA-05-4245.902fe548-5b93-49c9-81db-2af4a4a88f3c,,,,,,
TCGA-91-6849.910d922e-8180-48ba-9e13-0f177dc71b2d,,,,,,
TCGA-97-A4M0.0ACA9251-2F21-49E1-9E56-4D7359EF614F,,,,,,
TCGA-05-4397.e3f87d2c-61b5-435a-a095-318d2bf58bb3,,,,,,
TCGA-97-7941.f95131f4-d721-441f-86ee-d9981befc2a7,,,,,,
TCGA-97-8174.f71782a0-0d9f-486e-9e17-cd5ff92d44d7,,,,,,
TCGA-38-A44F.FC3ACA4F-AA49-47F4-9BA3-7B18C56F64AD,,,,,,
TCGA-50-6595.13f36f42-a0d4-4cf3-b8ea-8cdeff292a91,,,,,,
TCGA-97-A4M2.0D5976EC-5D41-44A2-AC0A-CBE90F2A908E,,,,,,
TCGA-50-8459.be87241c-fcb4-416f-a8a4-74b09033ca0b,,,,,,
TCGA-97-7938.c1b81542-c8ad-43d1-a963-1584868e7fe7,,,,,,
TCGA-55-A494.6FB7C18D-27D8-4C04-B8F8-AA7EA16F8C8A,,,,,,
TCGA-69-7973.fd1b94d4-d5b9-47fe-96ad-4e3d781a638a,,,,,,
TCGA-55-8302.aa106e5a-b9b9-4f54-b902-120e8a3eb689,,,,,,
TCGA-55-8094.807ba9c2-925a-4fda-a1a4-a6e856be0bb3,,,,,,
TCGA-50-5939.b8f00ba8-722f-4df1-bfcd-2ccfe6583abd,,,,,,
TCGA-97-A4M5.BD386F47-1CDC-46D5-A14D-F7D27F70982F,,,,,,
TCGA-97-A4LX.1D7E3689-7B7F-4916-BCD9-04C5A98F09DE,,,,,,
TCGA-34-5929.9fcfe85f-c7ed-4c1f-b21a-dae956cf8616,,,,,,
TCGA-50-5936.8d30d2aa-bef2-4329-944b-99ad5c9d8fc6,,,,,,
TCGA-60-2709.f1e99e51-52e3-4f5d-b483-3c1b1eadd977,,,,,,
TCGA-86-7954.6a0c9a64-8c57-412a-8b3c-efb8e0b184ea,,,,,,
TCGA-60-2708.7f0ed176-146a-4ea2-8f39-36d402d74757,,,,,,
TCGA-50-5935.b6f8e549-cb8e-4e6d-8cfe-2df2b1d57646,,,,,,
TCGA-97-8552.0bfe6dee-7584-4803-be3e-5201cd5ad412,,,,,,
TCGA-L3-A4E7.83686883-C3FA-43DA-9C85-F0A6319B7F57,,,,,,
TCGA-97-A4M3.49E1FE02-A4A8-4805-88B1-ADB915F879DF,,,,,,
